{
    "accuracy": 0.8075652041283238,
    "precision": 0.49585878022253826,
    "recall": 0.7933342256726007,
    "f1": 0.6102759472817133,
    "TN": 25841,
    "FP": 6026,
    "FN": 1544,
    "TP": 5927
}